Date,1 Mo,2 Mo,3 Mo,4 Mo,6 Mo,1 Yr,2 Yr,3 Yr,5 Yr,7 Yr,10 Yr,20 Yr,30 Yr
6/23/2023,5.17,5.3,5.41,5.44,5.41,5.25,4.71,4.32,3.99,3.88,3.74,4.01,3.82
6/26/2023,5.17,5.31,5.5,5.44,5.45,5.27,4.65,4.3,3.96,3.85,3.72,4.01,3.83
6/27/2023,5.17,5.31,5.44,5.44,5.46,5.33,4.74,4.38,4.02,3.9,3.77,4.03,3.84
6/28/2023,5.17,5.32,5.44,5.49,5.47,5.32,4.71,4.32,3.97,3.83,3.71,4,3.81
6/29/2023,5.25,5.4,5.46,5.51,5.5,5.41,4.87,4.49,4.14,3.99,3.85,4.11,3.92
6/30/2023,5.24,5.39,5.43,5.5,5.47,5.4,4.87,4.49,4.13,3.97,3.81,4.06,3.85
7/3/2023,5.27,5.4,5.44,5.52,5.53,5.43,4.94,4.56,4.19,4.03,3.86,4.08,3.87
7/5/2023,5.28,5.38,5.44,5.51,5.52,5.4,4.94,4.59,4.25,4.11,3.95,4.17,3.95
7/6/2023,5.32,5.47,5.46,5.52,5.54,5.44,4.99,4.68,4.37,4.22,4.05,4.23,4.01
7/7/2023,5.32,5.47,5.46,5.52,5.53,5.41,4.94,4.64,4.35,4.23,4.06,4.27,4.05
7/10/2023,5.34,5.47,5.48,5.53,5.54,5.38,4.85,4.54,4.25,4.14,4.01,4.24,4.05
7/11/2023,5.35,5.48,5.49,5.53,5.55,5.44,4.88,4.52,4.24,4.13,3.99,4.22,4.03
7/12/2023,5.36,5.49,5.47,5.52,5.53,5.35,4.72,4.36,4.07,3.97,3.86,4.14,3.96
7/13/2023,5.37,5.5,5.47,5.51,5.49,5.27,4.59,4.21,3.93,3.85,3.76,4.07,3.9
7/14/2023,5.37,5.49,5.49,5.53,5.52,5.34,4.74,4.35,4.04,3.94,3.83,4.11,3.93
7/17/2023,5.37,5.51,5.49,5.53,5.52,5.33,4.74,4.34,4.02,3.91,3.81,4.1,3.94
7/18/2023,5.37,5.5,5.49,5.53,5.51,5.32,4.74,4.35,4,3.9,3.8,4.08,3.91
7/19/2023,5.37,5.51,5.49,5.54,5.51,5.32,4.74,4.34,3.98,3.87,3.75,4.01,3.84
7/20/2023,5.44,5.53,5.49,5.54,5.52,5.35,4.8,4.43,4.08,3.98,3.85,4.1,3.91
7/21/2023,5.43,5.54,5.5,5.54,5.53,5.35,4.82,4.44,4.09,3.97,3.84,4.1,3.91
7/24/2023,5.44,5.54,5.51,5.55,5.55,5.38,4.81,4.48,4.13,4,3.86,4.11,3.92
7/25/2023,5.46,5.54,5.51,5.55,5.57,5.38,4.85,4.53,4.15,4.05,3.91,4.14,3.95
7/26/2023,5.46,5.53,5.51,5.57,5.55,5.37,4.82,4.47,4.09,3.99,3.86,4.12,3.94
7/27/2023,5.47,5.55,5.51,5.58,5.56,5.4,4.91,4.58,4.24,4.13,4.01,4.26,4.06
7/28/2023,5.47,5.54,5.52,5.57,5.54,5.37,4.87,4.52,4.18,4.08,3.96,4.22,4.03
7/31/2023,5.48,5.54,5.55,5.56,5.53,5.37,4.88,4.51,4.18,4.08,3.97,4.22,4.02
8/1/2023,5.49,5.54,5.54,5.57,5.54,5.38,4.92,4.57,4.24,4.15,4.05,4.3,4.11
8/2/2023,5.48,5.53,5.53,5.54,5.52,5.36,4.88,4.54,4.24,4.17,4.08,4.35,4.17
8/3/2023,5.54,5.52,5.54,5.53,5.52,5.37,4.9,4.58,4.3,4.26,4.2,4.49,4.32
8/4/2023,5.54,5.51,5.54,5.52,5.5,5.33,4.78,4.45,4.15,4.1,4.05,4.36,4.21
8/7/2023,5.54,5.51,5.56,5.53,5.53,5.3,4.76,4.44,4.16,4.13,4.09,4.42,4.27
8/8/2023,5.54,5.53,5.57,5.52,5.53,5.35,4.74,4.36,4.1,4.06,4.02,4.35,4.2
8/9/2023,5.51,5.52,5.55,5.34,5.54,5.35,4.79,4.41,4.12,4.07,4,4.33,4.18
8/10/2023,5.55,5.52,5.54,5.53,5.52,5.33,4.82,4.47,4.21,4.17,4.09,4.41,4.24
8/11/2023,5.54,5.51,5.54,5.54,5.52,5.36,4.89,4.56,4.31,4.26,4.16,4.45,4.27
8/14/2023,5.55,5.52,5.56,5.53,5.56,5.37,4.96,4.64,4.36,4.29,4.19,4.46,4.29
8/15/2023,5.53,5.52,5.56,5.51,5.55,5.36,4.92,4.64,4.36,4.31,4.21,4.49,4.32
8/16/2023,5.52,5.53,5.56,5.54,5.54,5.37,4.97,4.68,4.42,4.37,4.28,4.55,4.38
8/17/2023,5.55,5.52,5.56,5.54,5.53,5.36,4.94,4.67,4.42,4.38,4.3,4.58,4.41
8/18/2023,5.53,5.52,5.55,5.54,5.52,5.35,4.92,4.63,4.38,4.34,4.26,4.55,4.38
8/21/2023,5.55,5.53,5.57,5.55,5.58,5.37,4.97,4.7,4.46,4.42,4.34,4.64,4.45
8/22/2023,5.54,5.53,5.57,5.55,5.57,5.39,5.02,4.75,4.49,4.44,4.34,4.61,4.42
8/23/2023,5.54,5.53,5.57,5.56,5.55,5.35,4.95,4.64,4.36,4.3,4.19,4.46,4.27
8/24/2023,5.55,5.53,5.58,5.57,5.59,5.39,4.98,4.69,4.39,4.34,4.23,4.49,4.3
8/25/2023,5.56,5.53,5.61,5.59,5.61,5.44,5.03,4.72,4.44,4.37,4.25,4.5,4.3
8/28/2023,5.56,5.53,5.58,5.6,5.56,5.44,4.98,4.69,4.38,4.32,4.2,4.48,4.29
8/29/2023,5.54,5.53,5.56,5.57,5.52,5.37,4.87,4.56,4.26,4.21,4.12,4.42,4.23
8/30/2023,5.55,5.53,5.56,5.6,5.51,5.39,4.9,4.57,4.27,4.22,4.12,4.42,4.23
8/31/2023,5.52,5.55,5.56,5.61,5.48,5.37,4.85,4.54,4.23,4.19,4.09,4.39,4.2
9/1/2023,5.51,5.55,5.53,5.58,5.47,5.36,4.87,4.57,4.29,4.27,4.18,4.48,4.29
9/5/2023,5.51,5.56,5.55,5.59,5.51,5.42,4.94,4.65,4.37,4.35,4.27,4.56,4.38
9/6/2023,5.52,5.55,5.55,5.6,5.52,5.44,5.01,4.73,4.44,4.39,4.3,4.56,4.37
9/7/2023,5.52,5.56,5.53,5.59,5.5,5.4,4.94,4.66,4.38,4.35,4.27,4.55,4.36
9/8/2023,5.52,5.56,5.55,5.6,5.49,5.42,4.98,4.68,4.39,4.35,4.26,4.52,4.33
9/11/2023,5.52,5.56,5.55,5.58,5.51,5.4,4.97,4.64,4.4,4.37,4.29,4.56,4.37
9/12/2023,5.52,5.56,5.56,5.58,5.53,5.42,4.98,4.66,4.41,4.36,4.27,4.54,4.35
9/13/2023,5.53,5.56,5.55,5.6,5.51,5.42,4.96,4.64,4.39,4.34,4.25,4.52,4.34
9/14/2023,5.52,5.57,5.55,5.59,5.5,5.42,5,4.68,4.42,4.38,4.29,4.57,4.39
9/15/2023,5.51,5.56,5.56,5.6,5.49,5.43,5.02,4.72,4.45,4.41,4.33,4.59,4.42
9/18/2023,5.53,5.56,5.55,5.6,5.51,5.44,5.05,4.74,4.46,4.41,4.32,4.57,4.4
9/19/2023,5.53,5.56,5.54,5.59,5.51,5.45,5.08,4.79,4.51,4.47,4.37,4.6,4.43
9/20/2023,5.53,5.57,5.56,5.61,5.51,5.47,5.12,4.82,4.52,4.46,4.35,4.57,4.4
9/21/2023,5.52,5.57,5.57,5.61,5.52,5.46,5.12,4.85,4.61,4.57,4.49,4.74,4.56
9/22/2023,5.52,5.58,5.56,5.61,5.52,5.46,5.1,4.8,4.57,4.53,4.44,4.7,4.53
9/25/2023,5.54,5.58,5.58,5.6,5.52,5.45,5.09,4.83,4.62,4.61,4.55,4.84,4.67
9/26/2023,5.54,5.58,5.58,5.61,5.53,5.45,5.04,4.84,4.62,4.62,4.56,4.86,4.7
9/27/2023,5.54,5.59,5.58,5.62,5.53,5.49,5.1,4.89,4.67,4.69,4.61,4.91,4.73
9/28/2023,5.56,5.61,5.56,5.61,5.53,5.46,5.04,4.83,4.62,4.63,4.59,4.9,4.71
9/29/2023,5.55,5.6,5.55,5.61,5.53,5.46,5.03,4.8,4.6,4.61,4.59,4.92,4.73
10/2/2023,5.56,5.6,5.62,5.62,5.58,5.49,5.12,4.88,4.72,4.73,4.69,5,4.81
10/3/2023,5.55,5.6,5.62,5.62,5.58,5.49,5.15,4.95,4.8,4.84,4.81,5.13,4.95
10/4/2023,5.56,5.58,5.61,5.62,5.57,5.42,5.05,4.85,4.72,4.75,4.73,5.05,4.87
10/5/2023,5.57,5.59,5.61,5.62,5.56,5.39,5.03,4.82,4.68,4.73,4.72,5.06,4.89
10/6/2023,5.59,5.6,5.63,5.64,5.59,5.43,5.08,4.87,4.75,4.79,4.78,5.13,4.95
10/10/2023,5.6,5.61,5.61,5.63,5.57,5.37,4.96,4.74,4.62,4.66,4.66,5.03,4.85
10/11/2023,5.58,5.59,5.61,5.63,5.56,5.38,4.99,4.73,4.59,4.61,4.58,4.92,4.73
10/12/2023,5.61,5.59,5.63,5.63,5.58,5.43,5.06,4.82,4.69,4.73,4.7,5.05,4.86
10/13/2023,5.6,5.58,5.62,5.62,5.57,5.41,5.04,4.8,4.65,4.66,4.63,4.97,4.78
10/16/2023,5.57,5.58,5.61,5.63,5.58,5.42,5.09,4.87,4.72,4.74,4.71,5.06,4.87
10/17/2023,5.58,5.58,5.62,5.64,5.6,5.48,5.19,5.01,4.86,4.88,4.83,5.14,4.94
10/18/2023,5.57,5.56,5.61,5.62,5.58,5.47,5.19,5.03,4.92,4.95,4.91,5.2,5
10/19/2023,5.58,5.57,5.6,5.62,5.56,5.44,5.14,5.01,4.95,5,4.98,5.3,5.11
10/20/2023,5.56,5.56,5.58,5.61,5.54,5.41,5.07,4.93,4.86,4.93,4.93,5.27,5.09
10/23/2023,5.57,5.57,5.58,5.59,5.56,5.42,5.05,4.89,4.81,4.87,4.86,5.19,5.01
10/24/2023,5.57,5.57,5.58,5.6,5.57,5.41,5.02,4.91,4.82,4.86,4.83,5.15,4.96
10/25/2023,5.56,5.57,5.59,5.61,5.57,5.43,5.08,4.98,4.89,4.98,4.95,5.27,5.09
10/26/2023,5.57,5.57,5.59,5.6,5.55,5.39,5.02,4.89,4.79,4.86,4.86,5.19,5.01
10/27/2023,5.57,5.57,5.59,5.6,5.55,5.39,4.99,4.84,4.76,4.83,4.84,5.19,5.03
10/30/2023,5.56,5.57,5.6,5.61,5.53,5.41,5.03,4.87,4.8,4.88,4.88,5.21,5.04
10/31/2023,5.56,5.57,5.59,5.61,5.54,5.44,5.07,4.9,4.82,4.89,4.88,5.21,5.04
11/1/2023,5.56,5.55,5.57,5.54,5.51,5.37,4.95,4.76,4.67,4.75,4.77,5.13,4.96
11/2/2023,5.52,5.56,5.54,5.53,5.5,5.38,4.98,4.78,4.65,4.68,4.67,4.99,4.82
11/3/2023,5.53,5.56,5.53,5.5,5.45,5.29,4.83,4.62,4.49,4.55,4.57,4.93,4.77
11/6/2023,5.53,5.56,5.56,5.49,5.47,5.33,4.93,4.72,4.6,4.66,4.67,5,4.84
11/7/2023,5.53,5.56,5.55,5.48,5.47,5.33,4.91,4.64,4.53,4.58,4.58,4.91,4.75
11/8/2023,5.52,5.54,5.54,5.49,5.46,5.34,4.93,4.65,4.51,4.54,4.49,4.82,4.64
11/9/2023,5.53,5.56,5.54,5.5,5.46,5.39,5.03,4.77,4.65,4.68,4.62,4.97,4.77
11/10/2023,5.53,5.55,5.53,5.47,5.46,5.38,5.04,4.8,4.65,4.68,4.61,4.93,4.73
11/13/2023,5.53,5.55,5.55,5.49,5.48,5.37,5.02,4.8,4.66,4.69,4.63,4.95,4.75
11/14/2023,5.52,5.55,5.52,5.45,5.41,5.24,4.8,4.56,4.42,4.45,4.44,4.8,4.61
11/15/2023,5.52,5.54,5.53,5.46,5.41,5.27,4.9,4.68,4.52,4.56,4.53,4.87,4.68
11/16/2023,5.53,5.55,5.51,5.46,5.38,5.23,4.83,4.59,4.43,4.47,4.45,4.82,4.63
11/17/2023,5.52,5.54,5.5,5.42,5.39,5.24,4.88,4.64,4.45,4.47,4.44,4.8,4.59
11/20/2023,5.53,5.55,5.54,5.46,5.43,5.25,4.89,4.62,4.44,4.46,4.42,4.74,4.57
11/21/2023,5.52,5.54,5.53,5.45,5.42,5.24,4.86,4.6,4.41,4.44,4.41,4.75,4.57
11/22/2023,5.54,5.55,5.54,5.47,5.42,5.26,4.89,4.62,4.44,4.46,4.42,4.73,4.55
11/24/2023,5.55,5.56,5.54,5.48,5.45,5.27,4.92,4.67,4.49,4.51,4.47,4.79,4.6
11/27/2023,5.54,5.54,5.49,5.47,5.45,5.24,4.84,4.6,4.38,4.43,4.39,4.72,4.53
11/28/2023,5.53,5.53,5.47,5.45,5.42,5.21,4.73,4.49,4.29,4.36,4.34,4.7,4.52
11/29/2023,5.53,5.52,5.45,5.48,5.38,5.12,4.64,4.4,4.22,4.28,4.27,4.62,4.44
11/30/2023,5.56,5.54,5.45,5.49,5.38,5.16,4.73,4.48,4.31,4.38,4.37,4.72,4.54
12/1/2023,5.55,5.53,5.43,5.45,5.33,5.05,4.56,4.31,4.14,4.22,4.22,4.58,4.4
12/4/2023,5.55,5.53,5.46,5.47,5.41,5.1,4.64,4.4,4.23,4.3,4.28,4.61,4.43
12/5/2023,5.54,5.51,5.45,5.46,5.37,5.06,4.57,4.33,4.14,4.2,4.18,4.48,4.3
12/6/2023,5.54,5.5,5.45,5.47,5.38,5.07,4.6,4.33,4.12,4.16,4.12,4.4,4.22
12/7/2023,5.53,5.54,5.44,5.47,5.36,5.05,4.58,4.31,4.11,4.16,4.14,4.42,4.25
12/8/2023,5.54,5.53,5.44,5.49,5.39,5.13,4.71,4.45,4.24,4.28,4.23,4.49,4.31
12/11/2023,5.55,5.54,5.47,5.48,5.4,5.14,4.71,4.42,4.25,4.27,4.23,4.51,4.32
12/12/2023,5.53,5.53,5.46,5.48,5.41,5.14,4.73,4.42,4.23,4.24,4.2,4.48,4.3
12/13/2023,5.52,5.52,5.44,5.45,5.33,4.94,4.46,4.18,4,4.04,4.04,4.36,4.19
12/14/2023,5.54,5.54,5.43,5.45,5.31,4.9,4.37,4.09,3.9,3.93,3.92,4.21,4.03
12/15/2023,5.54,5.54,5.44,5.47,5.33,4.95,4.44,4.13,3.91,3.94,3.91,4.19,4
12/18/2023,5.52,5.52,5.46,5.47,5.36,4.95,4.43,4.15,3.94,3.97,3.95,4.23,4.05
12/19/2023,5.51,5.51,5.43,5.45,5.35,4.93,4.41,4.15,3.94,3.96,3.93,4.23,4.03
12/20/2023,5.5,5.49,5.44,5.45,5.33,4.88,4.34,4.06,3.86,3.88,3.86,4.17,3.98
12/21/2023,5.54,5.53,5.42,5.45,5.31,4.84,4.33,4.06,3.87,3.91,3.89,4.19,4.03
12/22/2023,5.54,5.52,5.44,5.45,5.31,4.82,4.31,4.04,3.87,3.92,3.9,4.21,4.05
12/26/2023,5.53,5.52,5.45,5.44,5.28,4.83,4.26,4.05,3.89,3.91,3.89,4.2,4.04
12/27/2023,5.55,5.53,5.44,5.42,5.26,4.79,4.2,3.97,3.78,3.81,3.79,4.1,3.95
12/28/2023,5.57,5.55,5.45,5.42,5.28,4.82,4.26,4.02,3.83,3.84,3.84,4.14,3.98
12/29/2023,5.6,5.59,5.4,5.41,5.26,4.79,4.23,4.01,3.84,3.88,3.88,4.2,4.03
1/2/2024,5.55,5.54,5.46,5.41,5.24,4.8,4.33,4.09,3.93,3.95,3.95,4.25,4.08
1/3/2024,5.54,5.54,5.48,5.41,5.25,4.81,4.33,4.07,3.9,3.92,3.91,4.21,4.05
1/4/2024,5.56,5.48,5.48,5.41,5.25,4.85,4.38,4.14,3.97,3.99,3.99,4.3,4.13
1/5/2024,5.54,5.48,5.47,5.41,5.24,4.84,4.4,4.17,4.02,4.04,4.05,4.37,4.21
1/8/2024,5.54,5.48,5.49,5.39,5.24,4.82,4.36,4.11,3.97,3.99,4.01,4.33,4.17
1/9/2024,5.53,5.46,5.47,5.38,5.24,4.82,4.36,4.09,3.97,4,4.02,4.33,4.18
1/10/2024,5.53,5.46,5.46,5.39,5.23,4.82,4.37,4.1,3.99,4.01,4.04,4.35,4.2
1/11/2024,5.54,5.47,5.46,5.38,5.22,4.75,4.26,4.02,3.9,3.95,3.98,4.32,4.18
1/12/2024,5.55,5.47,5.45,5.37,5.16,4.65,4.14,3.92,3.84,3.91,3.96,4.32,4.2
1/16/2024,5.54,5.47,5.45,5.37,5.18,4.7,4.22,4.02,3.95,4.01,4.07,4.43,4.3
1/17/2024,5.54,5.47,5.47,5.4,5.2,4.8,4.34,4.12,4.02,4.07,4.1,4.42,4.31
1/18/2024,5.53,5.48,5.45,5.39,5.2,4.8,4.34,4.13,4.04,4.1,4.14,4.48,4.37
1/19/2024,5.54,5.47,5.45,5.39,5.21,4.84,4.39,4.18,4.08,4.12,4.15,4.47,4.36
1/22/2024,5.53,5.47,5.46,5.39,5.22,4.83,4.37,4.14,4.03,4.07,4.11,4.44,4.32
1/23/2024,5.53,5.46,5.45,5.38,5.21,4.81,4.31,4.16,4.06,4.11,4.14,4.48,4.38
1/24/2024,5.52,5.44,5.44,5.4,5.22,4.83,4.34,4.19,4.06,4.14,4.18,4.52,4.41
1/25/2024,5.54,5.48,5.44,5.39,5.19,4.76,4.28,4.12,4.01,4.07,4.14,4.49,4.38
1/26/2024,5.54,5.45,5.44,5.39,5.19,4.78,4.34,4.15,4.04,4.1,4.15,4.49,4.38
1/29/2024,5.53,5.46,5.42,5.37,5.19,4.76,4.29,4.1,3.97,4.02,4.08,4.42,4.31
1/30/2024,5.53,5.47,5.42,5.38,5.19,4.8,4.36,4.14,4,4.03,4.06,4.4,4.28
1/31/2024,5.53,5.46,5.42,5.4,5.18,4.73,4.27,4.05,3.91,3.95,3.99,4.34,4.22
2/1/2024,5.49,5.51,5.42,5.38,5.15,4.68,4.2,3.96,3.8,3.83,3.87,4.21,4.1
2/2/2024,5.49,5.51,5.43,5.42,5.22,4.81,4.36,4.14,3.99,4.02,4.03,4.33,4.22
2/5/2024,5.49,5.5,5.42,5.42,5.25,4.87,4.46,4.27,4.13,4.16,4.17,4.46,4.35
2/6/2024,5.48,5.5,5.44,5.41,5.23,4.82,4.39,4.14,4.03,4.07,4.09,4.39,4.29
2/7/2024,5.47,5.49,5.43,5.4,5.23,4.83,4.41,4.16,4.06,4.09,4.09,4.41,4.31
2/8/2024,5.49,5.51,5.44,5.42,5.24,4.83,4.46,4.22,4.12,4.15,4.15,4.47,4.36
2/9/2024,5.49,5.51,5.44,5.43,5.26,4.86,4.48,4.25,4.14,4.17,4.17,4.48,4.37
2/12/2024,5.49,5.51,5.43,5.43,5.27,4.87,4.46,4.25,4.13,4.16,4.17,4.48,4.37
2/13/2024,5.48,5.52,5.45,5.46,5.32,4.99,4.64,4.44,4.31,4.33,4.31,4.59,4.46
2/14/2024,5.48,5.51,5.43,5.45,5.31,4.94,4.56,4.38,4.25,4.27,4.27,4.57,4.45
2/15/2024,5.49,5.51,5.43,5.45,5.3,4.93,4.56,4.36,4.22,4.25,4.24,4.54,4.42
2/16/2024,5.48,5.51,5.44,5.45,5.31,4.98,4.64,4.43,4.29,4.31,4.3,4.58,4.45
2/20/2024,5.49,5.49,5.44,5.45,5.32,4.97,4.59,4.38,4.25,4.28,4.27,4.56,4.44
2/21/2024,5.5,5.5,5.44,5.45,5.32,4.98,4.64,4.43,4.3,4.33,4.32,4.59,4.49
2/22/2024,5.49,5.51,5.45,5.45,5.32,5.02,4.69,4.49,4.33,4.35,4.33,4.58,4.47
2/23/2024,5.49,5.51,5.46,5.46,5.32,5,4.67,4.45,4.28,4.28,4.26,4.51,4.37
2/26/2024,5.5,5.52,5.47,5.47,5.34,5.03,4.69,4.48,4.29,4.32,4.28,4.53,4.4
2/27/2024,5.5,5.52,5.45,5.47,5.33,5.03,4.7,4.5,4.32,4.34,4.31,4.57,4.44
2/28/2024,5.5,5.51,5.45,5.43,5.31,5,4.64,4.44,4.26,4.28,4.27,4.53,4.4
2/29/2024,5.53,5.5,5.45,5.43,5.3,5.01,4.64,4.43,4.26,4.28,4.25,4.51,4.38
3/1/2024,5.54,5.49,5.42,5.41,5.27,4.94,4.54,4.32,4.17,4.2,4.19,4.46,4.33
3/4/2024,5.51,5.49,5.48,5.42,5.37,4.98,4.61,4.39,4.21,4.23,4.22,4.48,4.36
3/5/2024,5.5,5.47,5.47,5.4,5.35,4.94,4.54,4.32,4.13,4.15,4.13,4.39,4.27
3/6/2024,5.5,5.47,5.47,5.4,5.35,4.95,4.55,4.32,4.12,4.12,4.11,4.36,4.24
3/7/2024,5.51,5.48,5.47,5.4,5.34,4.93,4.5,4.28,4.07,4.09,4.09,4.35,4.25
3/8/2024,5.51,5.48,5.46,5.4,5.34,4.92,4.48,4.25,4.06,4.08,4.09,4.36,4.26
3/11/2024,5.5,5.47,5.48,5.41,5.35,4.95,4.51,4.26,4.08,4.09,4.1,4.36,4.26
3/12/2024,5.52,5.48,5.48,5.41,5.37,5,4.58,4.33,4.15,4.16,4.16,4.42,4.31
3/13/2024,5.52,5.47,5.48,5.41,5.37,5.01,4.61,4.37,4.19,4.2,4.19,4.45,4.35
3/14/2024,5.52,5.48,5.48,5.42,5.38,5.04,4.68,4.46,4.29,4.3,4.29,4.54,4.44
3/15/2024,5.52,5.48,5.48,5.41,5.38,5.05,4.72,4.51,4.33,4.33,4.31,4.55,4.43
3/18/2024,5.52,5.48,5.48,5.41,5.39,5.06,4.73,4.52,4.36,4.35,4.34,4.57,4.46
3/19/2024,5.52,5.48,5.48,5.41,5.39,5.06,4.68,4.47,4.31,4.31,4.3,4.54,4.44
3/20/2024,5.5,5.47,5.47,5.41,5.36,5.01,4.59,4.41,4.25,4.28,4.27,4.53,4.45
3/21/2024,5.51,5.48,5.48,5.4,5.36,5.01,4.62,4.42,4.26,4.28,4.27,4.53,4.44
3/22/2024,5.51,5.47,5.46,5.4,5.34,4.98,4.59,4.36,4.2,4.22,4.22,4.47,4.39
3/25/2024,5.51,5.48,5.46,5.41,5.36,5,4.54,4.39,4.23,4.25,4.25,4.51,4.42
3/26/2024,5.5,5.47,5.46,5.41,5.36,5,4.56,4.38,4.22,4.23,4.24,4.49,4.4
3/27/2024,5.5,5.47,5.45,5.41,5.36,4.99,4.54,4.36,4.18,4.18,4.2,4.45,4.36
3/28/2024,5.49,5.48,5.46,5.42,5.38,5.03,4.59,4.4,4.21,4.2,4.2,4.45,4.34
4/1/2024,5.49,5.47,5.44,5.41,5.36,5.06,4.72,4.51,4.34,4.33,4.33,4.58,4.47
4/2/2024,5.49,5.45,5.42,5.4,5.34,5.05,4.7,4.51,4.35,4.37,4.36,4.61,4.51
4/3/2024,5.47,5.44,5.42,5.4,5.33,5.03,4.68,4.48,4.34,4.36,4.36,4.61,4.51
4/4/2024,5.47,5.49,5.41,5.4,5.32,5,4.65,4.46,4.3,4.31,4.31,4.57,4.47
4/5/2024,5.47,5.5,5.43,5.41,5.34,5.05,4.73,4.54,4.38,4.39,4.39,4.65,4.54
4/8/2024,5.48,5.49,5.43,5.41,5.35,5.07,4.78,4.6,4.43,4.43,4.42,4.65,4.55
4/9/2024,5.48,5.49,5.43,5.41,5.34,5.03,4.74,4.52,4.37,4.38,4.36,4.6,4.5
4/10/2024,5.49,5.5,5.45,5.44,5.4,5.19,4.97,4.77,4.61,4.59,4.55,4.76,4.64
4/11/2024,5.48,5.51,5.45,5.44,5.38,5.17,4.93,4.77,4.61,4.6,4.56,4.77,4.65
4/12/2024,5.48,5.5,5.45,5.42,5.36,5.13,4.88,4.7,4.54,4.53,4.5,4.73,4.61
4/15/2024,5.49,5.51,5.45,5.44,5.38,5.16,4.93,4.78,4.65,4.65,4.63,4.85,4.74
4/16/2024,5.49,5.51,5.45,5.44,5.39,5.18,4.97,4.83,4.69,4.69,4.67,4.88,4.77
4/17/2024,5.49,5.49,5.45,5.44,5.38,5.16,4.93,4.77,4.62,4.61,4.59,4.81,4.71
4/18/2024,5.49,5.52,5.46,5.44,5.39,5.18,4.98,4.83,4.68,4.67,4.64,4.85,4.74
4/19/2024,5.49,5.51,5.45,5.44,5.39,5.17,4.97,4.81,4.66,4.65,4.62,4.83,4.72
4/22/2024,5.49,5.5,5.42,5.44,5.39,5.16,4.97,4.81,4.66,4.65,4.62,4.84,4.72
4/23/2024,5.49,5.5,5.45,5.44,5.39,5.14,4.86,4.76,4.63,4.62,4.61,4.84,4.73
4/24/2024,5.49,5.5,5.46,5.44,5.4,5.17,4.89,4.78,4.64,4.66,4.65,4.88,4.78
4/25/2024,5.48,5.51,5.47,5.46,5.41,5.21,4.96,4.85,4.7,4.71,4.7,4.93,4.82
4/26/2024,5.48,5.51,5.46,5.45,5.4,5.21,4.96,4.84,4.68,4.68,4.67,4.89,4.78
4/29/2024,5.48,5.51,5.45,5.45,5.43,5.2,4.97,4.8,4.65,4.64,4.63,4.86,4.75
4/30/2024,5.48,5.51,5.46,5.45,5.44,5.25,5.04,4.87,4.72,4.71,4.69,4.9,4.79
5/1/2024,5.47,5.5,5.46,5.51,5.43,5.21,4.96,4.79,4.64,4.64,4.63,4.85,4.74
5/2/2024,5.51,5.47,5.46,5.5,5.42,5.16,4.87,4.71,4.57,4.57,4.58,4.82,4.72
5/3/2024,5.51,5.48,5.45,5.5,5.41,5.12,4.81,4.63,4.48,4.49,4.5,4.75,4.66
5/6/2024,5.51,5.48,5.45,5.5,5.42,5.12,4.82,4.64,4.48,4.48,4.49,4.73,4.64
5/7/2024,5.51,5.48,5.45,5.51,5.41,5.13,4.82,4.6,4.48,4.47,4.47,4.7,4.61
5/8/2024,5.51,5.47,5.45,5.5,5.41,5.13,4.84,4.63,4.5,4.49,4.48,4.73,4.64
5/9/2024,5.51,5.48,5.46,5.5,5.41,5.12,4.8,4.6,4.47,4.46,4.45,4.7,4.6
5/10/2024,5.51,5.47,5.47,5.51,5.43,5.17,4.87,4.65,4.52,4.51,4.5,4.74,4.64
5/13/2024,5.5,5.47,5.45,5.51,5.43,5.16,4.85,4.66,4.5,4.49,4.48,4.72,4.63
5/14/2024,5.5,5.47,5.44,5.51,5.43,5.16,4.81,4.62,4.46,4.45,4.45,4.69,4.59
5/15/2024,5.49,5.46,5.45,5.5,5.4,5.1,4.73,4.51,4.35,4.35,4.36,4.61,4.52
5/16/2024,5.51,5.47,5.45,5.53,5.41,5.13,4.78,4.58,4.4,4.39,4.38,4.62,4.52
5/17/2024,5.5,5.47,5.46,5.5,5.41,5.14,4.83,4.6,4.44,4.43,4.42,4.66,4.56
5/20/2024,5.5,5.47,5.45,5.51,5.43,5.15,4.82,4.62,4.46,4.44,4.44,4.68,4.58
5/21/2024,5.5,5.47,5.45,5.51,5.42,5.14,4.82,4.61,4.43,4.42,4.41,4.65,4.55
5/22/2024,5.49,5.48,5.45,5.5,5.43,5.16,4.86,4.64,4.47,4.44,4.43,4.63,4.55
5/23/2024,5.51,5.48,5.46,5.51,5.44,5.2,4.91,4.71,4.52,4.5,4.47,4.67,4.58
5/24/2024,5.56,5.53,5.46,5.51,5.44,5.21,4.93,4.71,4.53,4.49,4.46,4.65,4.57
5/28/2024,5.5,5.48,5.46,5.51,5.43,5.21,4.94,4.75,4.56,4.56,4.54,4.74,4.66
5/29/2024,5.5,5.48,5.46,5.47,5.43,5.22,4.96,4.79,4.63,4.63,4.61,4.82,4.74
5/30/2024,5.48,5.48,5.46,5.48,5.42,5.19,4.92,4.74,4.57,4.57,4.55,4.76,4.69
5/31/2024,5.48,5.48,5.46,5.46,5.42,5.18,4.89,4.69,4.52,4.52,4.51,4.73,4.65
6/3/2024,5.49,5.49,5.52,5.46,5.39,5.14,4.82,4.62,4.42,4.41,4.41,4.63,4.55
6/4/2024,5.48,5.48,5.52,5.45,5.38,5.11,4.77,4.55,4.35,4.33,4.33,4.56,4.48
6/5/2024,5.48,5.48,5.51,5.46,5.37,5.08,4.72,4.5,4.31,4.29,4.29,4.52,4.44
6/6/2024,5.48,5.47,5.51,5.45,5.36,5.08,4.72,4.49,4.29,4.28,4.28,4.51,4.43
6/7/2024,5.47,5.47,5.52,5.47,5.4,5.17,4.87,4.65,4.46,4.45,4.43,4.64,4.55
6/10/2024,5.47,5.48,5.52,5.46,5.4,5.16,4.87,4.62,4.48,4.47,4.47,4.68,4.59
6/11/2024,5.46,5.47,5.52,5.46,5.39,5.17,4.81,4.57,4.41,4.4,4.39,4.62,4.53
6/12/2024,5.47,5.47,5.51,5.47,5.38,5.13,4.75,4.48,4.32,4.31,4.31,4.56,4.47
6/13/2024,5.47,5.47,5.51,5.45,5.36,5.07,4.68,4.42,4.24,4.23,4.24,4.5,4.4
6/14/2024,5.47,5.47,5.51,5.45,5.36,5.07,4.67,4.41,4.22,4.2,4.2,4.46,4.34
6/17/2024,5.45,5.47,5.52,5.46,5.39,5.11,4.75,4.5,4.3,4.28,4.28,4.52,4.4
6/18/2024,5.4,5.46,5.5,5.45,5.37,5.09,4.69,4.43,4.24,4.22,4.22,4.47,4.36
6/20/2024,5.42,5.46,5.5,5.46,5.37,5.1,4.7,4.45,4.26,4.25,4.25,4.49,4.39
6/21/2024,5.42,5.46,5.49,5.45,5.36,5.1,4.7,4.45,4.26,4.25,4.25,4.49,4.39
6/24/2024,5.42,5.46,5.5,5.45,5.37,5.1,4.71,4.46,4.27,4.25,4.25,4.48,4.38
6/25/2024,5.43,5.46,5.49,5.44,5.37,5.1,4.65,4.45,4.25,4.23,4.23,4.46,4.36
6/26/2024,5.44,5.46,5.5,5.46,5.36,5.13,4.71,4.53,4.32,4.32,4.32,4.55,4.45
6/27/2024,5.48,5.46,5.49,5.45,5.35,5.1,4.7,4.49,4.29,4.27,4.29,4.53,4.43
6/28/2024,5.47,5.47,5.48,5.45,5.33,5.09,4.71,4.52,4.33,4.33,4.36,4.61,4.51
